--Inserindo dados na tabela Clientes clientes
INSERT INTO clientes (cliente_id, nome, email, estado, data_cadastro) VALUES
(1, 'Ana Sophia Araújo', 'levicunha@ig.com.br', 'AM', '2024-09-17'),
(2, 'Dra. Ana Laura Pereira', 'carvalholeandro@santos.net', 'RR', '2024-08-27'),
(3, 'Dra. Kamilly das Neves', 'andre26@yahoo.com.br', 'GO', '2023-08-09'),
(4, 'Vitor Hugo Mendes', 'nascimentodiogo@monteiro.org', 'SE', '2023-05-14'),
(5, 'Sra. Maria Alice Costa', 'vieiranicolas@ig.com.br', 'RN', '2025-02-26'),
(6, 'Sr. Thales Campos', 'sophiagoncalves@dias.br', 'GO', '2024-03-28'),
(7, 'Isabelly da Cruz', 'kaique41@bol.com.br', 'RS', '2023-08-21'),
(8, 'Sabrina Farias', 'rnascimento@martins.com', 'SE', '2023-12-12'),
(9, 'Emanuelly Campos', 'kevin76@da.org', 'BA', '2023-10-19'),
(10, 'Dra. Maria Alice Ferreira', 'omoreira@hotmail.com', 'PE', '2024-04-28'),
(11, 'Vitor Gabriel Barros', 'leticiada-cruz@campos.br', 'MG', '2024-07-16'),
(12, 'Marcela Fernandes', 'teixeiraraquel@mendes.com', 'MA', '2024-03-13'),
(13, 'Lorenzo Almeida', 'claricecavalcanti@ig.com.br', 'MA', '2025-01-23'),
(14, 'Lívia da Paz', 'sarah28@martins.com', 'AM', '2025-04-01'),
(15, 'Dr. Erick Caldeira', 'cardosonicole@campos.com', 'BA', '2024-09-04'),
(16, 'Maria Clara da Cunha', 'ida-rosa@ig.com.br', 'RR', '2023-09-14'),
(17, 'Sra. Juliana Moura', 'pcosta@hotmail.com', 'AP', '2023-12-29'),
(18, 'Nicolas Vieira', 'andrecardoso@dias.com', 'MT', '2023-06-05'),
(19, 'Eduarda Freitas', 'evelyncostela@ig.com.br', 'RJ', '2024-07-01'),
(20, 'Elisa Ribeiro', 'diogocastro@ig.com.br', 'PA', '2024-01-11'),
(21, 'Júlia Rezende', 'caldeiraalexia@cavalcanti.net', 'DF', '2023-09-05'),
(22, 'Lavínia Cunha', 'matheusrezende@hotmail.com', 'AP', '2024-03-20'),
(23, 'Ana Luiza Barros', 'duarteisaac@rodrigues.br', 'DF', '2025-02-10'),
(24, 'Ana Carolina da Cunha', 'nogueiraluiz-miguel@uol.com.br', 'MA', '2024-03-04'),
(25, 'Dra. Valentina Rodrigues', 'nicolasda-rosa@viana.br', 'AL', '2023-05-19'),
(26, 'Luana Santos', 'silvadavi-lucca@campos.net', 'MG', '2023-07-13'),
(27, 'Elisa Barbosa', 'usilveira@da.br', 'ES', '2023-11-03'),
(28, 'Ana Jesus', 'raquel10@uol.com.br', 'RN', '2024-06-21'),
(29, 'Breno Teixeira', 'francisco51@moura.br', 'TO', '2024-06-05'),
(30, 'Sra. Mariana Souza', 'maria-alice12@correia.com', 'SC', '2024-06-13'),
(31, 'Gabriel Gomes', 'juan48@fernandes.com', 'AP', '2024-08-15'),
(32, 'Emilly Barbosa', 'sophia24@pires.br', 'PI', '2023-04-18'),
(33, 'Breno da Costa', 'isis82@costela.com', 'MA', '2024-01-19'),
(34, 'João Gabriel da Rocha', 'moraesstella@da.net', 'CE', '2024-12-22'),
(35, 'Juan Araújo', 'stephany63@da.com', 'MG', '2025-02-16'),
(36, 'Lucas das Neves', 'tmonteiro@das.net', 'MG', '2023-12-21'),
(37, 'Bernardo Freitas', 'vteixeira@gmail.com', 'AM', '2025-02-20'),
(38, 'Davi Ferreira', 'pintoryan@pinto.com', 'MG', '2025-03-09'),
(39, 'Caroline Fernandes', 'halmeida@moreira.br', 'RN', '2023-12-10'),
(40, 'Ana Vitória Jesus', 'zmartins@ig.com.br', 'MA', '2024-06-14'),
(41, 'Diogo Peixoto', 'laurajesus@uol.com.br', 'PI', '2025-01-17'),
(42, 'Heitor Gomes', 'dmartins@pires.net', 'PE', '2024-04-12'),
(43, 'Srta. Mirella Cardoso', 'diego34@hotmail.com', 'SE', '2023-09-12'),
(44, 'Antônio Barbosa', 'dcardoso@da.br', 'PR', '2024-02-15'),
(45, 'Danilo Almeida', 'ldas-neves@barros.net', 'AM', '2024-03-30'),
(46, 'Lucas Gabriel Souza', 'bsantos@bol.com.br', 'PB', '2025-03-07'),
(47, 'Vinicius Ribeiro', 'raquel34@bol.com.br', 'PR', '2024-08-09'),
(48, 'Guilherme Pires', 'lucas45@viana.com', 'BA', '2023-08-06'),
(49, 'João Pedro da Costa', 'peixotoalice@viana.br', 'PA', '2023-05-29'),
(50, 'Kaique Nogueira', 'arocha@jesus.br', 'TO', '2024-03-01')

-- Inserindo dados na tabela pedidos 
INSERT INTO pedidos (pedido_id, cliente_id, data_pedido, status_entrega, data_entrega, canal_venda) VALUES
(1,42,'2025-03-12','Em trânsito','2025-03-20','App'),
(2,9,'2024-10-06','Entregue','2024-10-12','Loja Física'),
(3,35,'2024-06-19','Em trânsito','2024-06-29','Loja Física'),
(4,38,'2024-04-29','Em trânsito','2024-05-07','Site'),
(5,9,'2024-07-20','Cancelado','2024-07-25','Site'),
(6,49,'2024-09-04','Entregue','2024-09-07','App'),
(7,41,'2024-08-15','Entregue','2024-08-19','Loja Física'),
(8,39,'2024-07-01','Entregue','2024-07-09','Site'),
(9,39,'2024-10-03','Em trânsito','2024-10-11','Loja Física'),
(10,36,'2024-08-14','Entregue','2024-08-20','Loja Física'),
(11,44,'2024-08-19','Cancelado','2024-08-22','Site'),
(12,8,'2025-01-30','Em trânsito','2025-02-06','Site'),
(13,30,'2025-03-17','Entregue','2025-03-21','Loja Física'),
(14,33,'2024-09-04','Entregue','2024-09-10','Loja Física'),
(15,41,'2024-07-27','Em trânsito','2024-07-30','Loja Física'),
(16,39,'2025-01-27','Entregue','2025-02-06','App'),
(17,49,'2025-02-27','Entregue','2025-03-06','Loja Física'),
(18,1,'2024-09-20','Cancelado','2024-09-30','Site'),
(19,2,'2024-07-16','Entregue','2024-07-25','Site'),
(20,16,'2025-02-28','Entregue','2025-03-06','App'),
(21,6,'2024-05-11','Cancelado','2024-05-14','Site'),
(22,49,'2024-10-09','Cancelado','2024-10-12','App'),
(23,43,'2024-04-17','Em trânsito','2024-04-21','Loja Física'),
(24,17,'2025-01-25','Cancelado','2025-01-29','Loja Física'),
(25,14,'2024-11-05','Cancelado','2024-11-13','Loja Física'),
(26,46,'2024-04-30','Em trânsito','2024-05-05','Site'),
(27,29,'2024-08-23','Cancelado','2024-08-30','Site'),
(28,16,'2024-07-06','Entregue','2024-07-09','App'),
(29,2,'2024-12-18','Cancelado','2024-12-25','Loja Física'),
(30,38,'2024-05-06','Entregue','2024-05-11','App'),
(31,46,'2025-02-07','Cancelado','2025-02-10','App'),
(32,5,'2024-12-19','Entregue','2024-12-24','Site'),
(33,33,'2024-04-25','Entregue','2024-04-28','Site'),
(34,14,'2025-01-27','Cancelado','2025-02-05','App'),
(35,16,'2024-04-22','Em trânsito','2024-05-01','Site'),
(36,7,'2024-07-15','Entregue','2024-07-20','Loja Física'),
(37,23,'2024-06-26','Em trânsito','2024-07-04','Site'),
(38,47,'2025-03-01','Entregue','2025-03-10','Loja Física'),
(39,4,'2024-04-17','Em trânsito','2024-04-20','Loja Física'),
(40,7,'2024-12-07','Entregue','2024-12-14','App'),
(41,35,'2024-06-08','Em trânsito','2024-06-13','App'),
(42,12,'2024-07-11','Em trânsito','2024-07-19','Site'),
(43,5,'2024-05-29','Em trânsito','2024-06-03','Loja Física'),
(44,4,'2024-10-10','Cancelado','2024-10-13','Loja Física'),
(45,6,'2024-12-25','Entregue','2024-12-27','App'),
(46,32,'2024-05-24','Em trânsito','2024-06-01','App'),
(47,4,'2024-11-15','Entregue','2024-11-23','Site'),
(48,25,'2024-07-03','Em trânsito','2024-07-05','Site'),
(49,28,'2024-10-07','Cancelado','2024-10-13','Loja Física'),
(50,43,'2025-01-06','Cancelado','2025-01-16','Site'),
(51,13,'2024-07-18','Em trânsito','2024-07-22','App'),
(52,38,'2025-02-01','Cancelado','2025-02-03','Loja Física'),
(53,48,'2024-08-31','Em trânsito','2024-09-02','App'),
(54,38,'2024-06-14','Em trânsito','2024-06-16','Loja Física'),
(55,11,'2024-12-01','Entregue','2024-12-11','Loja Física'),
(56,12,'2024-12-01','Entregue','2024-12-04','Loja Física'),
(57,44,'2025-01-25','Entregue','2025-01-28','Site'),
(58,37,'2025-01-13','Entregue','2025-01-16','Loja Física'),
(59,40,'2024-05-24','Entregue','2024-05-26','Site'),
(60,21,'2025-02-06','Em trânsito','2025-02-16','App'),
(61,16,'2025-02-22','Em trânsito','2025-03-01','Site'),
(62,43,'2024-06-12','Cancelado','2024-06-16','Site'),
(63,21,'2024-08-08','Entregue','2024-08-17','App'),
(64,40,'2024-05-21','Cancelado','2024-05-30','App'),
(65,35,'2024-11-20','Entregue','2024-11-23','Loja Física'),
(66,9,'2024-04-19','Em trânsito','2024-04-25','App'),
(67,24,'2025-04-05','Em trânsito','2025-04-10','App'),
(68,35,'2024-08-09','Cancelado','2024-08-18','Site'),
(69,1,'2024-11-19','Cancelado','2024-11-29','Loja Física'),
(70,43,'2024-12-29','Entregue','2025-01-04','App'),
(71,8,'2025-03-28','Entregue','2025-04-03','Loja Física'),
(72,10,'2024-09-02','Em trânsito','2024-09-12','Site'),
(73,46,'2024-09-11','Em trânsito','2024-09-16','App'),
(74,33,'2025-04-10','Em trânsito','2025-04-16','Site'),
(75,6,'2025-01-12','Cancelado','2025-01-14','Site'),
(76,3,'2024-06-26','Entregue','2024-07-02','Site'),
(77,41,'2024-05-09','Em trânsito','2024-05-13','App'),
(78,36,'2024-11-25','Cancelado','2024-12-04','Site'),
(79,1,'2025-01-03','Entregue','2025-01-13','App'),
(80,35,'2025-02-26','Entregue','2025-03-02','Site')

-- Inserindo dados na tabela Produtos
INSERT INTO produtos (produto_id, nome_produto, categoria, preco) VALUES
(1, 'Smartphone Samsung Galaxy A14', 'Eletrodomésticos', 2237.57),
(2, 'Notebook Lenovo Ideapad 3', 'Telefonia', 461.64),
(3, 'TV LG 50 Polegadas 4K', 'Livros', 2234.97),
(4, 'Ar-condicionado Split Springer Midea', 'Eletrodomésticos', 1791.95),
(5, 'Fogão 4 bocas Brastemp', 'Eletrodomésticos', 326.4),
(6, 'Cafeteira Nespresso Essenza Mini', 'Moda', 1825.96),
(7, 'Geladeira Electrolux Duplex', 'Telefonia', 2162.26),
(8, 'Micro-ondas Panasonic 30L', 'Móveis', 700.3),
(9, 'Lavadora Brastemp 11kg', 'Informática', 2437.82),
(10, 'Batedeira Mondial Premium', 'Telefonia', 2109.51),
(11, 'Tablet Samsung Galaxy Tab A7', 'Informática', 508.66),
(12, 'Impressora Epson EcoTank L3250', 'Eletrodomésticos', 323.6),
(13, 'Cadeira Gamer Mymax', 'Informática', 2550.11),
(14, 'Escrivaninha Madesa 2 Gavetas', 'Informática', 2431.03),
(15, 'Mesa de Jantar 4 Lugares', 'Moda', 418.24),
(16, 'Sofá Retrátil 3 Lugares', 'Eletrodomésticos', 1678.52),
(17, 'Tênis Nike Revolution 6', 'Informática', 1753.19),
(18, 'Relógio Smartwatch Xiaomi', 'Eletrodomésticos', 2000.73),
(19, 'Liquidificador Arno Power Max', 'Eletrodomésticos', 2573.19),
(20, 'Ferro de Passar Philips Walita', 'Móveis', 870.02),
(21, 'Secador de Cabelo Taiff', 'Telefonia', 1142.03),
(22, 'Ventilador de Mesa Mondial', 'Livros', 837.58),
(23, 'Aspirador de Pó Electrolux', 'Moda', 1923.19),
(24, 'Celular Motorola Moto G73', 'Livros', 772.19),
(25, 'Soundbar JBL 2.1', 'Móveis', 846.35),
(26, 'Alexa Echo Dot 4ª Geração', 'Telefonia', 2069.61),
(27, 'Monitor LG 24 Polegadas', 'Telefonia', 2474.32),
(28, 'Placa de Vídeo RTX 3060', 'Móveis', 839.84),
(29, 'Roteador TP-Link Archer C6', 'Moda', 2635.28),
(30, 'HD Externo Seagate 1TB', 'Telefonia', 1983.54)


-- Inserindo dados na tabela itens_pedido
INSERT INTO itens_pedido (item_id, pedido_id, produto_id, quantidade, preco_unitario) VALUES
(1, 1, 14, 1, 2431.03),
(2, 1, 5, 2, 326.4),
(3, 2, 29, 1, 2635.28),
(4, 2, 30, 2, 1983.54),
(5, 2, 26, 1, 2069.61),
(6, 3, 22, 2, 837.58),
(7, 3, 4, 3, 1791.95),
(8, 4, 20, 1, 870.02),
(9, 4, 24, 1, 772.19),
(10, 4, 5, 1, 326.4),
(11, 4, 30, 2, 1983.54),
(12, 5, 6, 3, 1825.96),
(13, 6, 26, 3, 2069.61),
(14, 6, 30, 3, 1983.54),
(15, 6, 14, 1, 2431.03),
(16, 7, 6, 1, 1825.96),
(17, 7, 26, 2, 2069.61),
(18, 7, 23, 1, 1923.19),
(19, 8, 8, 2, 700.3),
(20, 8, 7, 2, 2162.26),
(21, 8, 27, 2, 2474.32),
(22, 8, 30, 1, 1983.54),
(23, 9, 1, 1, 2237.57),
(24, 9, 22, 2, 837.58),
(25, 10, 9, 2, 2437.82),
(26, 10, 28, 2, 839.84),
(27, 10, 3, 3, 2234.97),
(28, 11, 22, 1, 837.58),
(29, 11, 27, 1, 2474.32),
(30, 11, 18, 2, 2000.73),
(31, 11, 11, 1, 508.66),
(32, 12, 2, 2, 461.64),
(33, 12, 4, 2, 1791.95),
(34, 12, 20, 3, 870.02),
(35, 13, 14, 1, 2431.03),
(36, 13, 20, 2, 870.02),
(37, 13, 17, 3, 1753.19),
(38, 14, 9, 3, 2437.82),
(39, 14, 2, 2, 461.64),
(40, 15, 17, 3, 1753.19),
(41, 16, 12, 1, 323.6),
(42, 16, 14, 3, 2431.03),
(43, 17, 20, 1, 870.02),
(44, 17, 11, 3, 508.66),
(45, 17, 22, 2, 837.58),
(46, 18, 22, 2, 837.58),
(47, 18, 14, 3, 2431.03),
(48, 18, 11, 2, 508.66),
(49, 19, 7, 3, 2162.26),
(50, 19, 14, 2, 2431.03),
(51, 20, 20, 2, 870.02),
(52, 20, 19, 2, 2573.19),
(53, 21, 10, 2, 2109.51),
(54, 22, 14, 3, 2431.03),
(55, 22, 26, 3, 2069.61),
(56, 23, 15, 3, 418.24),
(57, 23, 22, 2, 837.58),
(58, 23, 7, 3, 2162.26),
(59, 24, 22, 2, 837.58),
(60, 24, 3, 3, 2234.97),
(61, 25, 3, 1, 2234.97),
(62, 25, 27, 3, 2474.32),
(63, 25, 25, 2, 846.35),
(64, 26, 26, 1, 2069.61),
(65, 26, 7, 1, 2162.26),
(66, 27, 8, 2, 700.3),
(67, 28, 15, 2, 418.24),
(68, 29, 23, 2, 1923.19),
(69, 29, 13, 2, 2550.11),
(70, 30, 5, 3, 326.4),
(71, 30, 21, 1, 1142.03),
(72, 31, 25, 2, 846.35),
(73, 32, 6, 3, 1825.96),
(74, 32, 26, 3, 2069.61),
(75, 33, 2, 1, 461.64),
(76, 33, 18, 2, 2000.73),
(77, 33, 8, 1, 700.3),
(78, 33, 30, 2, 1983.54),
(79, 34, 25, 3, 846.35),
(80, 34, 29, 3, 2635.28),
(81, 34, 15, 3, 418.24),
(82, 35, 27, 1, 2474.32),
(83, 35, 30, 3, 1983.54),
(84, 35, 18, 2, 2000.73),
(85, 35, 15, 2, 418.24),
(86, 36, 25, 3, 846.35),
(87, 36, 8, 2, 700.3),
(88, 36, 27, 3, 2474.32),
(89, 37, 21, 1, 1142.03),
(90, 37, 8, 3, 700.3),
(91, 37, 9, 2, 2437.82),
(92, 37, 15, 1, 418.24),
(93, 38, 11, 1, 508.66),
(94, 38, 29, 1, 2635.28),
(95, 38, 18, 1, 2000.73),
(96, 39, 13, 1, 2550.11),
(97, 39, 23, 3, 1923.19),
(98, 40, 3, 2, 2234.97),
(99, 40, 14, 2, 2431.03),
(100, 41, 14, 2, 2431.03),
(101, 41, 2, 2, 461.64),
(102, 41, 7, 3, 2162.26),
(103, 41, 27, 3, 2474.32),
(104, 42, 28, 3, 839.84),
(105, 43, 16, 2, 1678.52),
(106, 43, 1, 2, 2237.57),
(107, 43, 12, 3, 323.6),
(108, 43, 10, 3, 2109.51),
(109, 44, 16, 2, 1678.52),
(110, 44, 8, 2, 700.3),
(111, 45, 1, 3, 2237.57),
(112, 45, 13, 2, 2550.11),
(113, 45, 11, 3, 508.66),
(114, 45, 22, 1, 837.58),
(115, 46, 30, 1, 1983.54),
(116, 46, 5, 2, 326.4),
(117, 46, 20, 3, 870.02),
(118, 46, 18, 3, 2000.73),
(119, 47, 3, 3, 2234.97),
(120, 48, 5, 1, 326.4),
(121, 48, 28, 2, 839.84),
(122, 48, 15, 2, 418.24),
(123, 48, 6, 2, 1825.96),
(124, 49, 15, 2, 418.24),
(125, 49, 11, 2, 508.66),
(126, 50, 25, 2, 846.35),
(127, 50, 27, 1, 2474.32),
(128, 50, 14, 2, 2431.03),
(129, 51, 24, 3, 772.19),
(130, 52, 12, 1, 323.6),
(131, 53, 25, 3, 846.35),
(132, 54, 25, 1, 846.35),
(133, 55, 7, 1, 2162.26),
(134, 55, 27, 3, 2474.32),
(135, 56, 8, 2, 700.3),
(136, 56, 5, 3, 326.4),
(137, 57, 19, 1, 2573.19),
(138, 58, 23, 1, 1923.19),
(139, 58, 9, 3, 2437.82),
(140, 58, 25, 3, 846.35),
(141, 58, 12, 3, 323.6),
(142, 59, 25, 1, 846.35),
(143, 60, 4, 2, 1791.95),
(144, 60, 19, 3, 2573.19),
(145, 60, 1, 3, 2237.57),
(146, 61, 13, 3, 2550.11),
(147, 61, 23, 3, 1923.19),
(148, 61, 7, 3, 2162.26),
(149, 61, 3, 1, 2234.97),
(150, 62, 23, 2, 1923.19),
(151, 63, 26, 3, 2069.61),
(152, 64, 12, 3, 323.6),
(153, 65, 22, 3, 837.58),
(154, 65, 12, 2, 323.6),
(155, 65, 3, 1, 2234.97),
(156, 65, 17, 2, 1753.19),
(157, 66, 4, 2, 1791.95),
(158, 66, 14, 3, 2431.03),
(159, 66, 12, 1, 323.6),
(160, 66, 21, 2, 1142.03),
(161, 67, 24, 3, 772.19),
(162, 67, 17, 2, 1753.19),
(163, 68, 15, 3, 418.24),
(164, 68, 14, 2, 2431.03),
(165, 68, 27, 2, 2474.32),
(166, 68, 24, 1, 772.19),
(167, 69, 9, 2, 2437.82),
(168, 70, 25, 3, 846.35),
(169, 70, 15, 3, 418.24),
(170, 71, 11, 2, 508.66),
(171, 71, 1, 1, 2237.57),
(172, 71, 16, 2, 1678.52),
(173, 71, 28, 1, 839.84),
(174, 72, 13, 1, 2550.11),
(175, 72, 23, 3, 1923.19)

-- Inserindo dados tabela pagamentos
INSERT INTO pagamentos (pagamento_id, pedido_id, forma_pagamento, valor_pago) VALUES
(1, 1, 'Cartão', 3083.83),
(2, 2, 'Pix', 8671.97),
(3, 3, 'Cartão', 7051.01),
(4, 4, 'Boleto', 5935.69),
(5, 5, 'Boleto', 5477.88),
(6, 6, 'Cartão', 14590.48),
(7, 7, 'Pix', 7888.37),
(8, 8, 'Cartão', 12657.3),
(9, 9, 'Cartão', 3912.73),
(10, 10, 'Boleto', 13260.23),
(11, 11, 'Pix', 7822.02),
(12, 12, 'Boleto', 7117.24),
(13, 13, 'Cartão', 9430.64),
(14, 14, 'Boleto', 8236.74),
(15, 15, 'Pix', 5259.57),
(16, 16, 'Cartão', 7616.69),
(17, 17, 'Cartão', 4071.16),
(18, 18, 'Boleto', 9985.57),
(19, 19, 'Pix', 11348.84),
(20, 20, 'Pix', 6886.42),
(21, 21, 'Pix', 4219.02),
(22, 22, 'Pix', 13501.92),
(23, 23, 'Pix', 9416.66),
(24, 24, 'Cartão', 8380.07),
(25, 25, 'Cartão', 11350.63),
(26, 26, 'Pix', 4231.87),
(27, 27, 'Pix', 1400.6),
(28, 28, 'Cartão', 836.48),
(29, 29, 'Cartão', 8946.6),
(30, 30, 'Pix', 2121.23),
(31, 31, 'Pix', 1692.7),
(32, 32, 'Cartão', 11686.71),
(33, 33, 'Boleto', 9130.48),
(34, 34, 'Boleto', 11699.61),
(35, 35, 'Boleto', 13262.88),
(36, 36, 'Cartão', 11362.61),
(37, 37, 'Cartão', 8536.81),
(38, 38, 'Cartão', 5144.67),
(39, 39, 'Boleto', 8319.68),
(40, 40, 'Pix', 9332.0),
(41, 41, 'Cartão', 19695.08),
(42, 42, 'Cartão', 2519.52),
(43, 43, 'Cartão', 15131.51),
(44, 44, 'Boleto', 4757.64),
(45, 45, 'Pix', 14176.49),
(46, 46, 'Boleto', 11248.59),
(47, 47, 'Boleto', 6704.91),
(48, 48, 'Boleto', 6494.48),
(49, 49, 'Cartão', 1853.8),
(50, 50, 'Boleto', 9029.08),
(51, 51, 'Pix', 2316.57),
(52, 52, 'Pix', 323.6),
(53, 53, 'Pix', 2539.05),
(54, 54, 'Pix', 846.35),
(55, 55, 'Boleto', 9585.22),
(56, 56, 'Pix', 2379.8),
(57, 57, 'Pix', 2573.19),
(58, 58, 'Boleto', 12746.5),
(59, 59, 'Boleto', 846.35),
(60, 60, 'Cartão', 18016.18),
(61, 61, 'Boleto', 22141.65),
(62, 62, 'Boleto', 3846.38),
(63, 63, 'Cartão', 6208.83),
(64, 64, 'Cartão', 970.8),
(65, 65, 'Boleto', 8901.29),
(66, 66, 'Cartão', 13484.65),
(67, 67, 'Pix', 5822.95),
(68, 68, 'Boleto', 11837.61),
(69, 69, 'Cartão', 4875.64),
(70, 70, 'Cartão', 3793.77),
(71, 71, 'Cartão', 7451.77),
(72, 72, 'Cartão', 12978.66),
(73, 73, 'Boleto', 5991.49),
(74, 74, 'Cartão', 13676.97),
(75, 75, 'Cartão', 14086.14),
(76, 76, 'Cartão', 8003.69),
(77, 77, 'Pix', 16771.02),
(78, 78, 'Pix', 12615.52),
(79, 79, 'Boleto', 5868.9),
(80, 80, 'Boleto', 10382.74);